epoch,train_loss,train_acc,test_loss,test_acc
1,0.943159698598972,0.7097239813183986,0.3582996587001253,0.8814772727272727
2,0.2859053674112017,0.9065344788347747,0.2660667530009034,0.9109659090909091
3,0.15977524579250418,0.9474171795531456,0.32900869511911546,0.8988068181818182
