epoch,train_loss,train_acc,test_loss,test_acc
1,0.7735877134583213,0.7603280215231788,0.8579339522166528,0.7477147954224107
2,0.2993499410965226,0.9019083947922938,1.7145954289514085,0.6245954290385295
3,0.14877984059127894,0.9500018813967488,0.6605190330765386,0.8156219622658183
