epoch,train_loss,train_acc,test_loss,test_acc
1,1.4747066986580153,0.5593037752051077,0.6351791972759515,0.807451649601819
2,0.4677272555555038,0.8484253597773578,0.7213892025926443,0.7883390216154728
