epoch,train_loss,train_acc,test_loss,test_acc
1,1.0169497497369606,0.685438146880133,0.7032207331501624,0.7842613636363637
2,0.35885722122825325,0.8812956403000138,0.33772883179549934,0.8870454545454546
3,0.22249205211286835,0.9256316666996498,0.16869067853263003,0.9415340909090909
4,0.17091314371952487,0.9427405948823494,0.14834292444224542,0.949375
