epoch,train_loss,train_acc,test_loss,test_acc
1,0.8533208157470598,0.7402907039996834,0.4441883735070852,0.8529545454545454
2,0.22142347625649117,0.9269710359219844,0.4314585906180384,0.8619949494949495
3,0.14441198886145887,0.9513762511373977,0.33450809953056954,0.8979924242424242
4,0.10581648576618244,0.9647437640938403,0.21413102994443906,0.9293876262626263
5,0.0845353720337661,0.9706582317917475,0.09686354965654159,0.9682512626262626
