epoch,train_loss,train_acc,test_loss,test_acc
1,1.2671098543206398,0.6291768914131919,0.6691587041716329,0.7886931818181818
2,0.44682743934553465,0.8586622720259525,0.390424827280539,0.871875
