epoch,train_loss,train_acc,test_loss,test_acc
1,0.9298986666196037,0.714195464256043,0.4829687056046995,0.8425568181818182
2,0.24706440072869365,0.9191718261660798,0.2222125959387631,0.9267045454545455
