epoch,train_loss,train_acc,test_loss,test_acc
1,3.637561269928555,0.027164636559735608,3.637103115862066,0.028579545454545455
